No;Variance OTF;Average
1;-41.93548387;-35.35491467
2;-62.48012719;-35.35491467
3;0;-35.35491467
4;-4.651162791;-35.35491467
5;-37.16216216;-35.35491467
6;-38.66366366;-35.35491467
7;-60.52631579;-35.35491467
8;21.73913043;-35.35491467
9;-49.05660377;-35.35491467
10;-49.88123515;-35.35491467
11;-48;-35.35491467
12;-72.96137339;-35.35491467
13;-29.30107527;-35.35491467
14;-22.04301075;-35.35491467
15;-56.23721881;-35.35491467
16;-14.51833253;-35.35491467
