Category;OTF Avg States Diff;OTF Avg Time Diff;HMC Avg States Diff;HMC Avg Time Diff;OTF Overall Avg States;OTF Overall Avg Time;HMC Overall Avg Time
C;-37.20377315;47.7338967;0;48.72402533;11.91889831;108.7597646;77.87605743
Co;-2.325581395;154.6798498;0;5.404218243;11.91889831;108.7597646;77.87605743
M;64.48388676;171.0212738;0;78.90149725;11.91889831;108.7597646;77.87605743
N;-0.712632652;123.4081674;0;159.9855543;11.91889831;108.7597646;77.87605743
R;-67.78201207;-38.00994206;0;15.70147017;11.91889831;108.7597646;77.87605743
S;39.49038206;138.2900755;0;71.13801465;11.91889831;108.7597646;77.87605743
