Category;OTF Avg States Diff;OTF Avg Time Diff;HMC Avg States Diff;HMC Avg Time Diff;OTF Overall Avg States;OTF Overall Avg Time;HMC Overall Avg Time
same;17.98311577;120.1036017;0;81.86449032;11.91889831;108.7597646;77.87605743
different;-50.45590983;-7.919703007;0;36.85217621;11.91889831;108.7597646;77.87605743
