Category;OTF Avg States Diff;OTF Avg Time Diff;HMC Avg States Diff;HMC Avg Time Diff;OTF Overall Avg States;OTF Overall Avg Time;HMC Overall Avg Time
calls;3.142053925;108.244479;0;69.48440638;11.91889831;108.7597646;77.87605743
no calls;18.21533015;109.129426;0;83.89615491;11.91889831;108.7597646;77.87605743
