Category;OTF Avg States Diff;OTF Avg Time Diff;HMC Avg States Diff;HMC Avg Time Diff;OTF Overall Avg States;OTF Overall Avg Time;HMC Overall Avg Time
satisfied;23.92494605;101.3535638;0;80.11049078;11.91889831;108.7597646;77.87605743
violated;-35.35491467;137.9216803;0;69.07797608;11.91889831;108.7597646;77.87605743
