Category;OTF Avg States Diff;OTF Avg Time Diff;HMC Avg States Diff;HMC Avg Time Diff;OTF Overall Avg States;OTF Overall Avg Time;HMC Overall Avg Time
recursive;8.205274555;102.9778856;0;74.53482395;11.91889831;108.7597646;77.87605743
non-recursive;13.09487916;110.590693;0;78.93411469;11.91889831;108.7597646;77.87605743
