Category;OTF Avg States Diff;OTF Avg Time Diff;HMC Avg States Diff;HMC Avg Time Diff;OTF Overall Avg States;OTF Overall Avg Time;HMC Overall Avg Time
DLL;-8.968833511;91.89;0;58.06015071;11.91889831;108.7597646;77.87605743
SLL;16.6675551;114.59;0;87.63502385;11.91889831;108.7597646;77.87605743
Tree;23.30687112;110.58;0;69.28035993;11.91889831;108.7597646;77.87605743
